Window,Time,X
0,0,15.195
0,500,14.744000000000002
0,1000,14.687999999999999
0,1500,14.630999999999998
0,2000,14.23
0,2500,14.943
0,3000,14.867
0,3500,14.860999999999999
0,4000,14.669
0,4500,13.978
0,5000,14.802999999999999
0,5500,15.175
0,6000,14.932
0,6500,14.665999999999999
0,7000,14.116
0,7500,14.072000000000001
0,8000,14.124
0,8500,14.745
0,9000,14.432
0,9500,14.3
0,10000,14.409
0,10500,14.232999999999999
0,11000,15.258
0,11500,14.645999999999999
0,12000,14.115
0,12500,14.056
0,13000,14.253
0,13500,14.038
0,14000,14.5
0,14500,15.273
0,15000,15.472000000000001
0,15500,15.821
0,16000,15.722999999999999
0,16500,15.72
0,17000,15.065
0,17500,15.448
0,18000,15.405999999999999
0,18500,14.92
0,19000,14.524000000000001
0,19500,14.357000000000001
0,20000,14.854000000000001
0,20500,15.175999999999998
0,21000,14.735
0,21500,14.55
0,22000,14.47
0,22500,15.005999999999998
0,23000,14.878
0,23500,15.573
0,24000,15.708
0,24500,15.575
0,25000,15.12
0,25500,14.912
0,26000,15.469000000000001
0,26500,15.254000000000001
0,27000,16.009
0,27500,15.33
0,28000,15.232000000000001
0,28500,15.206
0,29000,15.424000000000001
0,29500,15.985999999999999
0,30000,15.831
0,30500,15.459000000000001
0,31000,15.376
0,31500,14.237
0,32000,14.561
0,32500,14.84
0,33000,14.795
0,33500,14.985999999999999
0,34000,14.657
0,34500,14.534
0,35000,14.078
0,35500,13.91
0,36000,14.122
0,36500,14.27
0,37000,14.392999999999999
0,37500,14.629000000000001
0,38000,14.39
0,38500,14.542
0,39000,14.227
0,39500,14.029000000000002
0,40000,14.24
0,40500,13.934000000000001
0,41000,13.985999999999999
0,41500,14.091
0,42000,14.647
0,42500,14.365
0,43000,14.07
0,43500,14.015
0,44000,14.501
0,44500,14.503
0,45000,14.902999999999999
0,45500,14.122
0,46000,14.202
0,46500,14.172
0,47000,14.379000000000001
0,47500,14.035
0,48000,13.943
0,48500,14.33
0,49000,14.222000000000001
0,49500,14.915999999999999
0,50000,14.788
0,50500,15.773
0,51000,15.83
0,51500,15.884
0,52000,15.42
0,52500,15.127
0,53000,15.216
0,53500,15.562999999999999
0,54000,15.529000000000002
0,54500,15.003
0,55000,14.585
0,55500,15.145
0,56000,14.565
0,56500,14.424000000000001
0,57000,14.057
0,57500,13.975999999999999
0,58000,14.092
0,58500,13.94
0,59000,14.38
0,59500,14.925
0,60000,14.494000000000002
0,60500,14.610999999999999
0,61000,14.587
0,61500,14.052999999999999
0,62000,13.947000000000001
0,62500,14.328
0,63000,14.134
0,63500,14.222999999999999
0,64000,14.263
0,64500,14.043
0,65000,15.054
0,65500,14.636
0,66000,14.828
0,66500,14.991
0,67000,14.857999999999999
0,67500,15.432
0,68000,15.1
0,68500,14.453
0,69000,14.085
0,69500,14.575
0,70000,14.561
0,70500,14.147
0,71000,14.413
0,71500,15.673
0,72000,15.600999999999999
0,72500,15.545
0,73000,14.679
0,73500,14.74
0,74000,15.229000000000001
0,74500,15.617
0,75000,15.124
0,75500,15.232000000000001
0,76000,15.304
0,76500,15.690999999999999
0,77000,15.620999999999999
0,77500,16.038
0,78000,15.798
0,78500,15.472000000000001
0,79000,15.431
0,79500,15.515999999999998
0,80000,15.957
0,80500,15.295
0,81000,15.270999999999999
0,81500,14.405
0,82000,14.751
0,82500,15.168
0,83000,15.048
0,83500,15.319
0,84000,15.027999999999999
0,84500,14.627
0,85000,15.312000000000001
0,85500,15.28
0,86000,15.814
0,86500,15.86
0,87000,15.84
0,87500,15.314
0,88000,15.847999999999999
0,88500,15.288
0,89000,15.485999999999999
0,89500,14.64
0,90000,14.807
0,90500,14.784
0,91000,14.177
0,91500,14.069
0,92000,13.989
0,92500,14.024000000000001
0,93000,14.638
0,93500,14.550999999999998
0,94000,13.932
0,94500,14.433
0,95000,14.184000000000001
0,95500,14.311
0,96000,14.382
0,96500,14.640999999999998
0,97000,14.686
0,97500,14.747
0,98000,15.118
0,98500,15.239
0,99000,15.286
0,99500,15.087
0,100000,14.759
0,100500,14.744000000000002
0,101000,14.862
0,101500,14.591
0,102000,14.444
0,102500,15.097999999999999
0,103000,14.888
0,103500,15.249
0,104000,14.839
0,104500,14.459000000000001
0,105000,14.282
0,105500,14.383
0,106000,14.338
0,106500,14.154000000000002
0,107000,14.040999999999999
0,107500,14.036
0,108000,14.093
0,108500,14.374
0,109000,13.929
0,109500,13.936
0,110000,14.175
0,110500,14.71
0,111000,14.37
0,111500,15.099
0,112000,15.296
0,112500,15.341
0,113000,15.864
0,113500,15.597000000000001
0,114000,16.128
0,114500,15.369000000000002
0,115000,15.722999999999999
0,115500,15.829
0,116000,15.787
0,116500,16.098
0,117000,15.492
0,117500,15.630999999999998
0,118000,15.435
0,118500,16.019000000000002
0,119000,15.88
0,119500,15.408
0,120000,15.95
0,120500,15.184000000000001
0,121000,15.727
0,121500,16.012
0,122000,15.11
0,122500,14.427999999999999
0,123000,14.436
0,123500,14.36
0,124000,14.354000000000001
0,124500,14.589
0,125000,14.985
0,125500,15.367
0,126000,14.866
0,126500,14.45
0,127000,14.875
0,127500,15.105
0,128000,15.342
0,128500,14.812000000000001
0,129000,15.591
0,129500,16.107
0,130000,15.435
0,130500,15.5
0,131000,15.922
0,131500,15.902000000000001
0,132000,15.948
0,132500,15.37
0,133000,15.154000000000002
0,133500,14.308
0,134000,14.565999999999999
0,134500,14.904000000000002
0,135000,14.543
0,135500,14.7
0,136000,14.988
0,136500,14.89
0,137000,15.015999999999998
0,137500,15.673
0,138000,15.811
0,138500,15.503
0,139000,15.845
0,139500,15.921
0,140000,15.485999999999999
0,140500,15.300999999999998
0,141000,15.469000000000001
0,141500,15.854000000000001
0,142000,15.962
0,142500,15.065
0,143000,15.542
0,143500,15.979000000000001
0,144000,14.914000000000001
0,144500,15.34
0,145000,15.849
0,145500,15.779000000000002
0,146000,15.752
0,146500,15.132
0,147000,15.765999999999998
0,147500,15.667
0,148000,15.349
0,148500,15.669
0,149000,15.432
0,149500,15.870999999999999
0,150000,15.761
0,150500,16.057000000000002
0,151000,15.645999999999999
0,151500,15.931
0,152000,15.889000000000001
0,152500,15.297
0,153000,15.081
0,153500,15.532
0,154000,15.770999999999999
0,154500,15.722999999999999
0,155000,15.937000000000001
0,155500,15.412
0,156000,14.892000000000001
0,156500,14.655
0,157000,15.661
0,157500,14.663
0,158000,14.605
0,158500,15.764000000000001
0,159000,15.974
0,159500,15.8
0,160000,15.782
0,160500,15.829
0,161000,15.383
0,161500,14.932
0,162000,14.375
0,162500,14.591
0,163000,15.24
0,163500,14.614
0,164000,15.154000000000002
0,164500,14.687999999999999
0,165000,14.954
0,165500,15.777000000000001
0,166000,15.719000000000001
0,166500,15.927999999999999
0,167000,16.01
0,167500,16.085
0,168000,15.443
0,168500,14.886
0,169000,15.127
0,169500,14.955
0,170000,14.616
0,170500,14.635
0,171000,15.168
0,171500,14.818
0,172000,14.603
0,172500,14.337
0,173000,14.119000000000002
0,173500,14.265999999999998
0,174000,14.487
0,174500,14.040999999999999
0,175000,14.600999999999999
0,175500,14.907
0,176000,14.74
0,176500,15.052
0,177000,15.243
0,177500,15.388
0,178000,15.269
0,178500,14.776
0,179000,15.292
0,179500,14.818
0,180000,14.892999999999999
0,180500,14.931
0,181000,15.508
0,181500,15.769
0,182000,15.884
0,182500,16.022000000000002
0,183000,15.967
0,183500,16.032
0,184000,15.765999999999998
0,184500,15.474
0,185000,15.867
0,185500,16.029
0,186000,16.055999999999997
0,186500,15.989
0,187000,15.515
0,187500,15.465
0,188000,15.380999999999998
0,188500,15.064
0,189000,14.935
0,189500,14.614
0,190000,14.901
0,190500,14.880999999999998
0,191000,15.574000000000002
0,191500,14.485
0,192000,14.985
0,192500,15.628
0,193000,14.682
0,193500,15.276
0,194000,14.654000000000002
0,194500,14.546
0,195000,14.085
0,195500,14.293
0,196000,14.370999999999999
0,196500,14.347000000000001
0,197000,14.152999999999999
0,197500,14.718
0,198000,15.800999999999998
0,198500,15.202
0,199000,15.7
0,199500,13.924000000000001
0,200000,14.634
0,200500,15.003
0,201000,15.445
0,201500,15.844000000000001
0,202000,16.076
0,202500,15.628
0,203000,15.690999999999999
0,203500,15.77
0,204000,15.547
0,204500,15.965
0,205000,15.773
0,205500,15.966
0,206000,15.25
0,206500,14.744000000000002
0,207000,15.824000000000002
0,207500,15.16
0,208000,15.623
0,208500,15.24
0,209000,15.412
0,209500,15.579
0,210000,15.81
0,210500,15.450999999999999
0,211000,15.812000000000001
0,211500,16.145
0,212000,15.947000000000001
0,212500,15.692
0,213000,15.61
0,213500,15.974
0,214000,15.412
0,214500,15.353
0,215000,15.404000000000002
0,215500,15.776
0,216000,16.019000000000002
0,216500,15.725
0,217000,15.367
0,217500,15.418
0,218000,15.525
0,218500,14.793
0,219000,15.575999999999999
0,219500,14.95
0,220000,15.533
0,220500,15.013
0,221000,15.294
0,221500,14.792
0,222000,15.003
0,222500,14.765
0,223000,14.818
0,223500,14.95
0,224000,15.184000000000001
0,224500,15.050999999999998
0,225000,15.089
0,225500,15.155999999999999
0,226000,14.902000000000001
0,226500,14.485
0,227000,14.530999999999999
0,227500,15.052
0,228000,15.618
0,228500,15.538
0,229000,14.9
0,229500,14.636
0,230000,14.894
0,230500,14.708
0,231000,14.845999999999998
0,231500,14.235
0,232000,14.437999999999999
0,232500,15.044
0,233000,14.674000000000001
0,233500,14.690999999999999
0,234000,14.05
0,234500,15.099
0,235000,14.925999999999998
0,235500,14.880999999999998
0,236000,14.727
0,236500,15.144
0,237000,14.854000000000001
0,237500,14.866
0,238000,14.754000000000001
0,238500,15.035
0,239000,16.044
0,239500,16.067999999999998
0,240000,15.720999999999998
0,240500,15.955
0,241000,15.277000000000001
0,241500,15.685
0,242000,15.95
0,242500,16.02
0,243000,15.994000000000002
0,243500,15.880999999999998
0,244000,15.979000000000001
0,244500,15.407
0,245000,15.597000000000001
0,245500,15.753
0,246000,15.805
0,246500,15.538
0,247000,15.475
0,247500,15.91
0,248000,15.942
0,248500,15.97
0,249000,16.012999999999998
0,249500,15.665
0,250000,15.274000000000001
0,250500,15.669
0,251000,15.630999999999998
0,251500,16.079
0,252000,15.842
0,252500,15.470999999999998
0,253000,15.712
0,253500,15.987
0,254000,15.79
0,254500,15.987
0,255000,16.044
0,255500,15.300999999999998
0,256000,15.573
0,256500,15.177
0,257000,15.228
0,257500,15.215
0,258000,14.908
0,258500,14.607000000000001
0,259000,14.452
0,259500,15.094000000000001
0,260000,15.039000000000001
0,260500,14.792
0,261000,14.805
0,261500,15.027999999999999
0,262000,14.921
0,262500,14.985
0,263000,14.873
0,263500,14.347000000000001
0,264000,14.113
0,264500,14.38
0,265000,14.418
0,265500,14.107000000000001
0,266000,14.378
0,266500,14.79
0,267000,14.527000000000001
0,267500,15.02
0,268000,14.225999999999999
0,268500,15.032
0,269000,15.453
0,269500,15.198
0,270000,15.838
0,270500,15.952
0,271000,15.616
0,271500,15.779000000000002
0,272000,15.536
0,272500,15.39
0,273000,15.578
0,273500,15.875
0,274000,15.877
0,274500,15.925
0,275000,15.877
0,275500,15.995
0,276000,15.757
0,276500,16.02
0,277000,15.837
0,277500,15.482000000000001
0,278000,15.466
0,278500,15.195
0,279000,15.470999999999998
0,279500,15.675
0,280000,15.88
0,280500,16.011
0,281000,15.640999999999998
0,281500,15.974
0,282000,16.008
0,282500,15.669
0,283000,15.568
0,283500,15.814
0,284000,15.940999999999999
0,284500,16.007
0,285000,15.892999999999999
0,285500,15.523
0,286000,16.058
0,286500,16.006
0,287000,15.517999999999999
0,287500,15.581
0,288000,15.436
0,288500,16.019000000000002
0,289000,15.049000000000001
0,289500,15.020999999999999
0,290000,15.345
0,290500,14.48
0,291000,14.630999999999998
0,291500,14.66
0,292000,14.501
0,292500,14.259
0,293000,14.6
0,293500,15.372
0,294000,15.488
0,294500,15.027000000000001
0,295000,15.605
0,295500,14.378
0,296000,14.331
0,296500,14.842
0,297000,14.741
0,297500,14.800999999999998
0,298000,14.157
0,298500,14.847000000000001
0,299000,14.595999999999998
0,299500,14.878
0,300000,14.962
0,300500,15.501
0,301000,15.868
0,301500,15.699000000000002
0,302000,15.784
0,302500,15.817
0,303000,15.963
0,303500,15.562999999999999
0,304000,14.969000000000001
0,304500,15.497
0,305000,15.7
0,305500,15.924000000000001
0,306000,15.800999999999998
0,306500,15.647
0,307000,15.584000000000001
0,307500,15.672
0,308000,15.737
0,308500,15.689
0,309000,15.809000000000001
0,309500,15.774000000000001
0,310000,16.07
0,310500,15.98
0,311000,15.592
0,311500,15.792
0,312000,15.574000000000002
0,312500,15.435
0,313000,15.679
0,313500,15.232000000000001
0,314000,15.388
0,314500,15.536
0,315000,15.425
0,315500,15.985
0,316000,15.404000000000002
0,316500,15.795
0,317000,15.386
0,317500,15.456
0,318000,15.132
0,318500,15.501
0,319000,15.503
0,319500,15.819
0,320000,16.021
0,320500,15.616
0,321000,14.839
0,321500,14.547
0,322000,14.328
0,322500,14.117
0,323000,14.128
0,323500,14.63
0,324000,15.194
0,324500,15.032
0,325000,14.962
0,325500,15.089
0,326000,14.947000000000001
0,326500,14.732999999999999
0,327000,15.425
0,327500,15.349
0,328000,14.955
0,328500,15.758
0,329000,16.075
0,329500,15.345999999999998
0,330000,15.402999999999999
0,330500,14.913
0,331000,15.137
0,331500,15.552
0,332000,15.189
0,332500,15.044
0,333000,14.74
0,333500,14.75
0,334000,15.168
0,334500,15.431
0,335000,15.456
0,335500,15.64
0,336000,15.449000000000002
0,336500,15.710999999999999
0,337000,15.955
0,337500,15.565
0,338000,14.927999999999999
0,338500,15.776
0,339000,15.514000000000001
0,339500,14.83
0,340000,14.81
0,340500,14.696
0,341000,14.353
0,341500,14.06
0,342000,14.475999999999999
0,342500,15.171
0,343000,14.88
0,343500,14.314
0,344000,14.595999999999998
0,344500,14.637
0,345000,14.800999999999998
0,345500,14.834000000000001
0,346000,14.710999999999999
0,346500,14.630999999999998
0,347000,14.168
0,347500,14.255999999999998
0,348000,14.084000000000001
0,348500,14.327
0,349000,14.866
0,349500,15.057
0,350000,14.897
0,350500,14.257
0,351000,14.105
0,351500,14.366
0,352000,14.82
0,352500,14.042
0,353000,14.001
0,353500,14.054
0,354000,14.015999999999998
0,354500,14.075
0,355000,14.253
0,355500,14.107999999999999
0,356000,14.3
0,356500,15.024000000000001
0,357000,14.877
0,357500,14.571
0,358000,15.137
0,358500,14.964
0,359000,14.183
0,359500,14.200999999999999
0,360000,14.029000000000002
0,360500,14.56
0,361000,15.261
0,361500,14.879000000000001
0,362000,14.89
0,362500,14.686
0,363000,14.652999999999999
0,363500,14.786
0,364000,14.753
0,364500,13.96
0,365000,14.243
0,365500,14.901
0,366000,14.514000000000001
0,366500,15.245
0,367000,14.87
0,367500,15.104000000000001
0,368000,15.208
0,368500,15.642999999999999
0,369000,15.887
0,369500,15.700999999999999
0,370000,15.850999999999999
0,370500,15.079
0,371000,15.389000000000001
0,371500,15.952
0,372000,15.390999999999998
0,372500,16.073
0,373000,15.698
0,373500,15.350999999999999
0,374000,15.368
0,374500,15.232000000000001
0,375000,15.511
0,375500,15.32
0,376000,15.593
0,376500,15.251
0,377000,14.875
0,377500,15.25
0,378000,15.36
0,378500,15.93
0,379000,15.244000000000002
0,379500,15.186
0,380000,15.526
0,380500,15.932
0,381000,15.822000000000001
0,381500,15.664000000000001
0,382000,15.843
0,382500,16.022000000000002
0,383000,15.817
0,383500,16.046
0,384000,15.98
0,384500,15.94
0,385000,15.73
0,385500,15.974
0,386000,15.109000000000002
0,386500,15.07
0,387000,15.377
0,387500,15.599
0,388000,15.763
0,388500,15.39
0,389000,14.548
0,389500,15.624
0,390000,15.673
0,390500,15.786
0,391000,15.412
0,391500,15.065999999999999
0,392000,15.44
0,392500,15.585
0,393000,16.093
0,393500,16.022000000000002
0,394000,16.079
0,394500,14.864
0,395000,15.937999999999999
0,395500,15.632
0,396000,15.700999999999999
0,396500,15.354000000000001
0,397000,15.335
0,397500,14.915
0,398000,15.368
0,398500,15.450999999999999
0,399000,15.245
0,399500,15.183
0,400000,15.39
0,400500,15.459000000000001
0,401000,15.709000000000001
0,401500,16.073
0,402000,15.814
0,402500,15.407
0,403000,15.869000000000002
0,403500,15.852
0,404000,16.070999999999998
0,404500,15.960999999999999
0,405000,15.880999999999998
0,405500,16.05
0,406000,15.870999999999999
0,406500,15.763
0,407000,16.105
0,407500,15.979000000000001
0,408000,16.081
0,408500,15.667
0,409000,15.91
0,409500,15.833
0,410000,15.753
0,410500,15.915999999999999
0,411000,15.42
0,411500,15.484000000000002
0,412000,15.874
0,412500,15.401
0,413000,15.550999999999998
0,413500,15.493
0,414000,15.485
0,414500,15.443
0,415000,15.661
0,415500,15.024000000000001
0,416000,15.622
0,416500,16.018
0,417000,15.796
0,417500,15.852
0,418000,15.5
0,418500,14.841
0,419000,14.415999999999999
0,419500,15.299000000000001
0,420000,15.870999999999999
0,420500,15.186
0,421000,15.731
0,421500,15.675999999999998
0,422000,15.785
0,422500,15.76
0,423000,15.919
0,423500,16.012999999999998
0,424000,15.962
0,424500,15.805
0,425000,16.031
0,425500,15.661
0,426000,15.855
0,426500,15.618
0,427000,15.779000000000002
0,427500,16.018
0,428000,15.897
0,428500,16.069000000000003
0,429000,15.931
0,429500,15.547
0,430000,16.033
0,430500,15.828
0,431000,15.901
0,431500,15.975
0,432000,15.807
0,432500,16.063
0,433000,16.014
0,433500,15.599
0,434000,15.839
0,434500,15.805
0,435000,15.968
0,435500,15.739
0,436000,15.937999999999999
0,436500,16.037
0,437000,15.587
0,437500,15.567
0,438000,16.011
0,438500,15.687000000000001
0,439000,14.927
0,439500,15.189
0,440000,15.06
0,440500,15.077
0,441000,15.004000000000001
0,441500,14.939
0,442000,15.168
0,442500,15.100999999999999
0,443000,14.588
0,443500,14.505999999999998
0,444000,14.436
0,444500,14.625
0,445000,14.547
0,445500,14.102
0,446000,14.495
0,446500,14.948
0,447000,15.258
0,447500,15.257
0,448000,15.229000000000001
0,448500,15.999
0,449000,15.682
0,449500,15.88
0,450000,15.759
0,450500,15.8
0,451000,15.975999999999999
0,451500,16.055
0,452000,16.039
0,452500,16.084
0,453000,15.799000000000001
0,453500,15.457
0,454000,15.415999999999999
0,454500,15.465
0,455000,14.818
0,455500,15.548
0,456000,15.944
0,456500,15.677999999999999
0,457000,15.446
0,457500,15.654000000000002
0,458000,15.972999999999999
0,458500,15.732000000000001
0,459000,15.784
0,459500,15.875
0,460000,16.061
0,460500,16.043
0,461000,15.935
0,461500,15.786
0,462000,15.713
0,462500,15.47
0,463000,15.56
0,463500,15.68
0,464000,15.952
0,464500,15.623
0,465000,15.636
0,465500,15.894
0,466000,15.863
0,466500,15.715
0,467000,15.777999999999999
0,467500,15.595
0,468000,15.370999999999999
0,468500,15.477
0,469000,15.822000000000001
0,469500,15.713
0,470000,16.092
0,470500,15.491
0,471000,14.870999999999999
0,471500,14.672
0,472000,14.927999999999999
0,472500,14.862
0,473000,14.753
0,473500,14.764000000000001
0,474000,14.967
0,474500,14.783
0,475000,14.158
0,475500,14.372
0,476000,14.025
0,476500,15.130999999999998
0,477000,14.472000000000001
0,477500,14.335999999999999
0,478000,14.937999999999999
0,478500,15.202
0,479000,14.738
0,479500,15.637
0,480000,15.262
0,480500,15.832
0,481000,15.415999999999999
0,481500,16.039
0,482000,15.855
0,482500,15.607999999999999
0,483000,15.183
0,483500,15.339
0,484000,15.542
0,484500,15.599
0,485000,15.665999999999999
0,485500,14.837
0,486000,14.703
0,486500,15.011
0,487000,15.057
0,487500,15.379000000000001
0,488000,15.245999999999999
0,488500,15.367
0,489000,15.624
0,489500,15.183
0,490000,14.709000000000001
0,490500,14.249
0,491000,14.075
0,491500,13.954
0,492000,14.630999999999998
0,492500,14.857000000000001
0,493000,14.574000000000002
0,493500,15.235999999999999
0,494000,14.962
0,494500,15.12
0,495000,14.377
0,495500,14.448
0,496000,14.103
0,496500,13.946
0,497000,14.248
0,497500,14.237
0,498000,14.388
0,498500,14.435
0,499000,14.120999999999999
0,499500,14.392999999999999
1,0,17.029
1,500,17.119
1,1000,16.557000000000002
1,1500,16.747
1,2000,16.925
1,2500,16.326
1,3000,16.537
1,3500,16.957
1,4000,16.692
1,4500,16.462
1,5000,16.403
1,5500,17.136
1,6000,17.632
1,6500,17.202
1,7000,17.658
1,7500,17.381
1,8000,17.595
1,8500,17.034000000000002
1,9000,17.118
1,9500,17.839000000000002
1,10000,17.965
1,10500,18.062
1,11000,17.883
1,11500,18.08
1,12000,17.987000000000002
1,12500,17.364
1,13000,17.136
1,13500,17.053
1,14000,17.180999999999997
1,14500,17.046
1,15000,17.475
1,15500,17.351
1,16000,17.667
1,16500,17.474
1,17000,17.982
1,17500,17.797
1,18000,17.325
1,18500,16.905
1,19000,16.574
1,19500,16.159000000000002
1,20000,16.519000000000002
1,20500,16.385
1,21000,16.297
1,21500,16.64
1,22000,16.783
1,22500,17.146
1,23000,17.730999999999998
1,23500,17.707
1,24000,17.619
1,24500,17.298
1,25000,17.861
1,25500,17.137999999999998
1,26000,17.934
1,26500,17.532
1,27000,17.983
1,27500,17.908
1,28000,17.455
1,28500,17.499000000000002
1,29000,17.476
1,29500,17.563
1,30000,17.075
1,30500,17.128
1,31000,17.587
1,31500,17.467
1,32000,17.874000000000002
1,32500,17.846
1,33000,17.997
1,33500,17.842
1,34000,17.968
1,34500,17.85
1,35000,17.926
1,35500,17.637999999999998
1,36000,16.92
1,36500,16.692999999999998
1,37000,16.66
1,37500,16.849
1,38000,16.753
1,38500,17.249000000000002
1,39000,16.827
1,39500,16.828
1,40000,16.813
1,40500,17.164
1,41000,17.279
1,41500,17.282
1,42000,17.656
1,42500,17.239
1,43000,18.075
1,43500,17.656
1,44000,18.043
1,44500,17.865
1,45000,17.895
1,45500,17.762999999999998
1,46000,17.955
1,46500,17.976
1,47000,17.833
1,47500,18.079
1,48000,17.855
1,48500,16.980999999999998
1,49000,17.697
1,49500,17.977999999999998
1,50000,17.215
1,50500,17.713
1,51000,17.57
1,51500,17.401
1,52000,17.292
1,52500,17.476
1,53000,17.332
1,53500,17.657
1,54000,17.09
1,54500,17.413
1,55000,17.416
1,55500,17.605
1,56000,17.834
1,56500,17.604
1,57000,17.575
1,57500,16.828
1,58000,17.637999999999998
1,58500,17.477
1,59000,17.415
1,59500,17.847
1,60000,17.8
1,60500,17.154
1,61000,17.487000000000002
1,61500,17.791
1,62000,17.63
1,62500,17.508
1,63000,17.465999999999998
1,63500,17.487000000000002
1,64000,17.437
1,64500,17.073
1,65000,16.987000000000002
1,65500,17.471
1,66000,17.718
1,66500,17.727999999999998
1,67000,17.801
1,67500,17.282
1,68000,17.963
1,68500,17.43
1,69000,16.787
1,69500,17.093
1,70000,16.608
1,70500,16.762
1,71000,16.914
1,71500,17.642
1,72000,17.727999999999998
1,72500,16.965
1,73000,17.329
1,73500,17.804000000000002
1,74000,17.575
1,74500,17.678
1,75000,16.519000000000002
1,75500,16.680999999999997
1,76000,17.494
1,76500,17.094
1,77000,16.730999999999998
1,77500,16.34
1,78000,16.597
1,78500,16.847
1,79000,16.809
1,79500,16.936
1,80000,16.653
1,80500,17.162
1,81000,17.437
1,81500,16.438
1,82000,16.563
1,82500,16.953
1,83000,16.862000000000002
1,83500,16.304000000000002
1,84000,16.905
1,84500,16.695999999999998
1,85000,16.887
1,85500,16.566
1,86000,16.324
1,86500,15.947000000000001
1,87000,16.139
1,87500,16.209
1,88000,16.113
1,88500,16.366
1,89000,16.511
1,89500,16.16
1,90000,16.532
1,90500,16.952
1,91000,16.95
1,91500,17.143
1,92000,17.862000000000002
1,92500,17.86
1,93000,17.269000000000002
1,93500,17.24
1,94000,17.809
1,94500,18.072
1,95000,17.816
1,95500,17.872
1,96000,18.023
1,96500,17.539
1,97000,17.765
1,97500,17.608
1,98000,17.618
1,98500,18.046
1,99000,17.577
1,99500,17.887999999999998
1,100000,17.799
1,100500,17.174
1,101000,16.965
1,101500,16.771
1,102000,16.613
1,102500,16.937
1,103000,16.604
1,103500,16.021
1,104000,15.972999999999999
1,104500,16.352
1,105000,16.089000000000002
1,105500,16.048
1,106000,16.105
1,106500,16.167
1,107000,16.479
1,107500,16.139
1,108000,15.927999999999999
1,108500,16.07
1,109000,16.07
1,109500,16.072
1,110000,15.936
1,110500,16.47
1,111000,16.368
1,111500,16.152
1,112000,16.222
1,112500,16.007
1,113000,16.175
1,113500,16.5
1,114000,15.959000000000001
1,114500,16.003
1,115000,16.483
1,115500,15.992
1,116000,16.331
1,116500,16.47
1,117000,16.59
1,117500,16.602
1,118000,17.102
1,118500,16.769000000000002
1,119000,16.425
1,119500,16.654
1,120000,16.101
1,120500,16.403
1,121000,16.051
1,121500,16.061
1,122000,16.211
1,122500,16.125
1,123000,16.037
1,123500,16.291
1,124000,16.265
1,124500,16.272000000000002
1,125000,16.617
1,125500,16.74
1,126000,16.83
1,126500,17.282
1,127000,17.659000000000002
1,127500,17.325
1,128000,16.75
1,128500,16.919
1,129000,17.399
1,129500,17.473
1,130000,17.584
1,130500,17.320999999999998
1,131000,17.399
1,131500,16.803
1,132000,17.090999999999998
1,132500,17.188
1,133000,17.160999999999998
1,133500,17.423
1,134000,17.85
1,134500,17.778
1,135000,17.826
1,135500,17.882
1,136000,17.412
1,136500,17.708
1,137000,17.253
1,137500,17.984
1,138000,17.657
1,138500,17.998
1,139000,17.914
1,139500,17.663
1,140000,17.455
1,140500,17.521
1,141000,17.024
1,141500,17.139
1,142000,17.464000000000002
1,142500,17.733
1,143000,17.944000000000003
1,143500,18.035
1,144000,17.739
1,144500,17.413
1,145000,17.115
1,145500,17.206
1,146000,17.631
1,146500,17.775
1,147000,17.912
1,147500,17.793
1,148000,18.059
1,148500,18.021
1,149000,17.99
1,149500,17.812
1,150000,17.658
1,150500,17.785
1,151000,17.487000000000002
1,151500,17.169
1,152000,17.072
1,152500,16.784000000000002
1,153000,16.71
1,153500,16.152
1,154000,16.962
1,154500,16.631
1,155000,16.94
1,155500,16.798
1,156000,16.85
1,156500,16.422
1,157000,16.907
1,157500,16.489
1,158000,16.884
1,158500,17.46
1,159000,17.535999999999998
1,159500,17.55
1,160000,17.879
1,160500,17.783
1,161000,17.605
1,161500,18.081
1,162000,17.676
1,162500,17.608
1,163000,17.201
1,163500,17.094
1,164000,17.579
1,164500,17.328
1,165000,17.621
1,165500,17.598
1,166000,17.976
1,166500,17.919
1,167000,18.007
1,167500,18.008
1,168000,18.11
1,168500,17.81
1,169000,17.582
1,169500,17.17
1,170000,16.885
1,170500,17.358
1,171000,16.896
1,171500,16.352
1,172000,16.101
1,172500,16.486
1,173000,17.041
1,173500,16.922
1,174000,16.502
1,174500,17.289
1,175000,16.985
1,175500,17.006
1,176000,17.107
1,176500,17.114
1,177000,16.69
1,177500,16.433
1,178000,16.477
1,178500,16.457
1,179000,16.582
1,179500,16.697
1,180000,16.529
1,180500,16.255
1,181000,16.28
1,181500,16.393
1,182000,16.32
1,182500,16.07
1,183000,16.012999999999998
1,183500,16.272000000000002
1,184000,16.383
1,184500,16.37
1,185000,16.83
1,185500,16.939
1,186000,17.146
1,186500,16.695999999999998
1,187000,16.621
1,187500,16.749000000000002
1,188000,16.733
1,188500,16.918
1,189000,16.243
1,189500,16.08
1,190000,16.578
1,190500,16.682000000000002
1,191000,16.869
1,191500,16.776
1,192000,16.49
1,192500,16.557000000000002
1,193000,16.835
1,193500,16.636
1,194000,15.947000000000001
1,194500,16.242
1,195000,16.41
1,195500,16.421
1,196000,16.826
1,196500,16.089000000000002
1,197000,16.250999999999998
1,197500,16.383
1,198000,16.304000000000002
1,198500,16.404
1,199000,16.799
1,199500,16.683
1,200000,15.992
1,200500,16.332
1,201000,16.367
1,201500,16.118
1,202000,16.309
1,202500,16.871
1,203000,16.651
1,203500,17.058
1,204000,17.299
1,204500,17.992
1,205000,17.347
1,205500,17.489
1,206000,17.457
1,206500,17.793
1,207000,17.435
1,207500,17.58
1,208000,17.366
1,208500,16.662
1,209000,16.957
1,209500,17.233
1,210000,17.559
1,210500,17.127
1,211000,17.154
1,211500,17.394000000000002
1,212000,17.979
1,212500,17.465999999999998
1,213000,17.165
1,213500,17.075
1,214000,16.875999999999998
1,214500,17.081
1,215000,17.279
1,215500,18.092
1,216000,17.862000000000002
1,216500,17.092
1,217000,17.165
1,217500,17.636
1,218000,17.544
1,218500,17.805999999999997
1,219000,17.917
1,219500,17.711
1,220000,17.589000000000002
1,220500,17.448
1,221000,17.164
1,221500,16.965999999999998
1,222000,16.579
1,222500,16.969
1,223000,15.905999999999999
1,223500,16.221
1,224000,16.083
1,224500,16.162
1,225000,16.947
1,225500,17.535999999999998
1,226000,17.965999999999998
1,226500,17.851
1,227000,17.133
1,227500,17.840999999999998
1,228000,17.712
1,228500,17.387
1,229000,17.34
1,229500,16.425
1,230000,16.262
1,230500,16.680999999999997
1,231000,17.319000000000003
1,231500,16.968
1,232000,17.244
1,232500,17.664
1,233000,17.552
1,233500,17.828
1,234000,17.94
1,234500,17.567999999999998
1,235000,17.826
1,235500,18.026
1,236000,18.029
1,236500,17.617
1,237000,17.602
1,237500,17.973
1,238000,17.365
1,238500,17.817
1,239000,18.05
1,239500,17.808
1,240000,18.012
1,240500,17.764
1,241000,17.413
1,241500,17.884
1,242000,17.227999999999998
1,242500,17.038
1,243000,16.392
1,243500,16.691
1,244000,17.065
1,244500,17.203
1,245000,17.244
1,245500,17.76
1,246000,17.845
1,246500,17.772000000000002
1,247000,17.976
1,247500,17.712
1,248000,17.743
1,248500,17.846
1,249000,17.719
1,249500,17.454
1,250000,17.003
1,250500,16.217
1,251000,16.242
1,251500,17.313
1,252000,17.564
1,252500,17.695
1,253000,17.766
1,253500,17.671
1,254000,17.809
1,254500,17.82
1,255000,17.34
1,255500,17.692
1,256000,17.949
1,256500,17.241
1,257000,16.873
1,257500,16.522000000000002
1,258000,16.319000000000003
1,258500,16.316
1,259000,16.64
1,259500,16.735
1,260000,16.778
1,260500,16.685
1,261000,16.283
1,261500,16.055999999999997
1,262000,16.404
1,262500,16.362000000000002
1,263000,15.953
1,263500,16.504
1,264000,16.69
1,264500,16.52
1,265000,16.732
1,265500,16.909000000000002
1,266000,17.805999999999997
1,266500,17.884
1,267000,17.627
1,267500,18.008
1,268000,17.689
1,268500,17.614
1,269000,17.576
1,269500,17.462
1,270000,17.448
1,270500,17.418
1,271000,17.403
1,271500,18.000999999999998
1,272000,17.962
1,272500,17.250999999999998
1,273000,17.047
1,273500,17.034000000000002
1,274000,16.619
1,274500,16.855999999999998
1,275000,17.686
1,275500,16.980999999999998
1,276000,16.916
1,276500,16.834
1,277000,16.749000000000002
1,277500,16.225
1,278000,16.895
1,278500,17.648
1,279000,17.347
1,279500,17.015
1,280000,17.112000000000002
1,280500,17.167
1,281000,16.742
1,281500,17.152
1,282000,16.000999999999998
1,282500,16.069000000000003
1,283000,16.048
1,283500,15.915999999999999
1,284000,16.377
1,284500,16.334
1,285000,16.229
1,285500,16.352999999999998
1,286000,16.456
1,286500,15.946
1,287000,16.436
1,287500,16.499000000000002
1,288000,16.715999999999998
1,288500,16.387
1,289000,16.397000000000002
1,289500,17.701
1,290000,17.667
1,290500,17.894000000000002
1,291000,17.694000000000003
1,291500,17.213
1,292000,17.542
1,292500,17.291
1,293000,16.951
1,293500,16.676
1,294000,17.39
1,294500,16.794
1,295000,16.226
1,295500,16.355999999999998
1,296000,16.273
1,296500,16.285
1,297000,16.72
1,297500,17.057000000000002
1,298000,16.342
1,298500,16.421
1,299000,16.543
1,299500,16.57
1,300000,16.479
1,300500,16.399
1,301000,16.984
1,301500,16.426
1,302000,16.055999999999997
1,302500,17.45
1,303000,17.204
1,303500,17.724
1,304000,17.36
1,304500,17.832
1,305000,17.714000000000002
1,305500,16.952
1,306000,16.549
1,306500,17.227
1,307000,17.9
1,307500,17.895
1,308000,17.987000000000002
1,308500,17.937
1,309000,17.424
1,309500,16.984
1,310000,17.279
1,310500,16.936
1,311000,17.761
1,311500,17.675
1,312000,17.701
1,312500,17.389
1,313000,17.249000000000002
1,313500,16.71
1,314000,16.403
1,314500,16.285999999999998
1,315000,16.522000000000002
1,315500,16.656
1,316000,16.329
1,316500,16.967
1,317000,17.055
1,317500,17.61
1,318000,17.186
1,318500,17.44
1,319000,17.617
1,319500,17.559
1,320000,17.989
1,320500,17.898
1,321000,17.96
1,321500,17.718
1,322000,17.417
1,322500,17.13
1,323000,17.565
1,323500,17.688
1,324000,17.625999999999998
1,324500,17.942
1,325000,17.928
1,325500,17.221
1,326000,17.067999999999998
1,326500,17.163
1,327000,17.595
1,327500,17.757
1,328000,17.021
1,328500,16.756
1,329000,16.795
1,329500,16.721
1,330000,16.192
1,330500,16.03
1,331000,16.457
1,331500,16.45
1,332000,16.622
1,332500,17.125999999999998
1,333000,16.881
1,333500,16.976
1,334000,17.312
1,334500,17.09
1,335000,17.009
1,335500,17.441
1,336000,17.43
1,336500,17.358
1,337000,17.493
1,337500,17.124000000000002
1,338000,17.373
1,338500,17.296
1,339000,17.475
1,339500,17.552
1,340000,17.868
1,340500,17.899
1,341000,17.964000000000002
1,341500,17.964000000000002
1,342000,17.94
1,342500,18.01
1,343000,17.293
1,343500,17.062
1,344000,16.669
1,344500,17.359
1,345000,16.615
1,345500,16.927
1,346000,17.227999999999998
1,346500,18.009
1,347000,17.115
1,347500,17.99
1,348000,17.461
1,348500,17.657
1,349000,17.759
1,349500,18.102
1,350000,17.842
1,350500,17.744
1,351000,17.479
1,351500,17.614
1,352000,17.741
1,352500,17.732
1,353000,17.454
1,353500,17.865
1,354000,17.616
1,354500,17.711
1,355000,17.397000000000002
1,355500,17.87
1,356000,17.905
1,356500,17.805
1,357000,17.665
1,357500,17.585
1,358000,16.991
1,358500,17.633
1,359000,17.311
1,359500,17.685
1,360000,18.006
1,360500,17.936
1,361000,17.477
1,361500,17.852
1,362000,17.669
1,362500,17.468
1,363000,17.426
1,363500,17.616
1,364000,17.742
1,364500,17.944000000000003
1,365000,17.709
1,365500,17.980999999999998
1,366000,18.067
1,366500,17.69
1,367000,17.142
1,367500,17.914
1,368000,17.698
1,368500,17.811
1,369000,17.895
1,369500,17.77
1,370000,17.396
1,370500,16.98
1,371000,17.636
1,371500,17.823
1,372000,17.759
1,372500,17.642
1,373000,17.371
1,373500,17.499000000000002
1,374000,17.241
1,374500,17.477
1,375000,16.814
1,375500,16.499000000000002
1,376000,16.127
1,376500,16.093
1,377000,16.562
1,377500,16.416
1,378000,16.542
1,378500,16.578
1,379000,16.396
1,379500,16.862000000000002
1,380000,16.396
1,380500,16.416
1,381000,16.061
1,381500,16.491
1,382000,16.023
1,382500,15.953
1,383000,16.099
1,383500,16.067
1,384000,16.308
1,384500,16.617
1,385000,16.77
1,385500,16.91
1,386000,16.916
1,386500,16.611
1,387000,17.598
1,387500,18.063
1,388000,18.154
1,388500,17.930999999999997
1,389000,18.046
1,389500,17.686
1,390000,17.381
1,390500,17.473
1,391000,17.391
1,391500,17.756
1,392000,17.029
1,392500,17.552
1,393000,17.046
1,393500,17.293
1,394000,17.373
1,394500,17.401
1,395000,17.968
1,395500,17.843
1,396000,18.063
1,396500,17.977999999999998
1,397000,17.972
1,397500,17.840999999999998
1,398000,17.480999999999998
1,398500,17.328
1,399000,17.086
1,399500,17.335
1,400000,16.623
1,400500,16.637999999999998
1,401000,16.925
1,401500,17.338
1,402000,18.07
1,402500,17.583
1,403000,17.016
1,403500,17.76
1,404000,17.925
1,404500,17.233
1,405000,17.393
1,405500,17.325
1,406000,17.642
1,406500,17.982
1,407000,17.722
1,407500,17.778
1,408000,17.504
1,408500,17.750999999999998
1,409000,18.04
1,409500,18.047
1,410000,17.599
1,410500,18.057000000000002
1,411000,17.84
1,411500,17.457
1,412000,17.463
1,412500,17.152
1,413000,17.246
1,413500,17.133
1,414000,16.777
1,414500,16.903
1,415000,16.923
1,415500,17.427
1,416000,16.971
1,416500,17.207
1,417000,17.727
1,417500,18.0
1,418000,17.997
1,418500,17.201
1,419000,17.727
1,419500,17.733
1,420000,17.714000000000002
1,420500,17.819000000000003
1,421000,17.15
1,421500,17.24
1,422000,17.505
1,422500,17.422
1,423000,17.21
1,423500,17.151
1,424000,16.791
1,424500,16.062
1,425000,16.383
1,425500,16.074
1,426000,16.527
1,426500,16.23
1,427000,15.963
1,427500,16.049
1,428000,16.422
1,428500,16.167
1,429000,16.773
1,429500,16.785999999999998
1,430000,16.152
1,430500,16.534000000000002
1,431000,16.361
1,431500,16.086
1,432000,16.205
1,432500,16.487000000000002
1,433000,16.56
1,433500,16.029
1,434000,15.979000000000001
1,434500,16.107
1,435000,16.427
1,435500,16.658
1,436000,16.805
1,436500,16.903
1,437000,17.577
1,437500,17.352
1,438000,17.094
1,438500,16.852999999999998
1,439000,17.237000000000002
1,439500,16.998
1,440000,17.066
1,440500,16.473
1,441000,16.64
1,441500,16.532
1,442000,16.022000000000002
1,442500,16.292
1,443000,16.111
1,443500,16.457
1,444000,16.031
1,444500,16.266
1,445000,16.474
1,445500,16.413
1,446000,16.309
1,446500,16.721
1,447000,17.123
1,447500,16.302
1,448000,16.336
1,448500,16.045
1,449000,15.98
1,449500,16.302
1,450000,16.902
1,450500,16.983
1,451000,16.117
1,451500,16.372
1,452000,16.636
1,452500,16.552
1,453000,16.294
1,453500,16.527
1,454000,16.072
1,454500,16.439
1,455000,16.054000000000002
1,455500,16.436
1,456000,16.160999999999998
1,456500,16.239
1,457000,16.363
1,457500,16.073
1,458000,16.102
1,458500,16.144000000000002
1,459000,16.164
1,459500,16.367
1,460000,16.712
1,460500,16.047
1,461000,16.401
1,461500,16.445
1,462000,16.008
1,462500,16.24
1,463000,15.97
1,463500,16.15
1,464000,16.213
1,464500,16.090999999999998
1,465000,16.164
1,465500,16.090999999999998
1,466000,16.094
1,466500,15.934000000000001
1,467000,16.005
1,467500,15.995999999999999
1,468000,15.953
1,468500,16.032
1,469000,15.95
1,469500,16.081
1,470000,15.949000000000002
1,470500,16.33
1,471000,16.805999999999997
1,471500,15.995
1,472000,16.171
1,472500,16.557000000000002
1,473000,15.864
1,473500,16.118
1,474000,16.06
1,474500,16.049
1,475000,16.02
1,475500,16.699
1,476000,16.317999999999998
1,476500,15.931
1,477000,16.404
1,477500,16.087
1,478000,16.410999999999998
1,478500,16.383
1,479000,16.85
1,479500,16.139
1,480000,15.949000000000002
1,480500,16.275
1,481000,16.561
1,481500,16.344
1,482000,16.048
1,482500,16.165
1,483000,16.128
1,483500,16.324
1,484000,16.471
1,484500,16.031
1,485000,15.972000000000001
1,485500,15.949000000000002
1,486000,16.39
1,486500,16.421
1,487000,15.922
1,487500,16.18
1,488000,16.088
1,488500,16.195999999999998
1,489000,16.447
1,489500,16.233
1,490000,16.021
1,490500,16.000999999999998
1,491000,16.256
1,491500,16.033
1,492000,16.147000000000002
1,492500,16.28
1,493000,17.16
1,493500,16.840999999999998
1,494000,16.315
1,494500,16.267
1,495000,16.232
1,495500,16.316
1,496000,16.552
1,496500,16.409000000000002
1,497000,16.604
1,497500,16.076
1,498000,16.046
1,498500,16.081
1,499000,16.649
1,499500,16.552
2,0,19.688
2,500,19.938
2,1000,20.01
2,1500,19.692999999999998
2,2000,20.044
2,2500,19.36
2,3000,19.914
2,3500,19.483
2,4000,19.525
2,4500,19.340999999999998
2,5000,19.136
2,5500,19.125999999999998
2,6000,19.892
2,6500,19.732
2,7000,19.745
2,7500,19.874000000000002
2,8000,19.953
2,8500,20.012999999999998
2,9000,19.692999999999998
2,9500,19.046
2,10000,19.398
2,10500,18.846
2,11000,19.309
2,11500,19.012
2,12000,19.114
2,12500,19.302
2,13000,19.449
2,13500,19.436
2,14000,19.387999999999998
2,14500,18.886
2,15000,18.535
2,15500,19.442999999999998
2,16000,19.896
2,16500,19.594
2,17000,19.504
2,17500,19.180999999999997
2,18000,18.541
2,18500,19.209
2,19000,18.792
2,19500,19.018
2,20000,18.312
2,20500,17.972
2,21000,18.219
2,21500,18.112000000000002
2,22000,18.107
2,22500,18.367
2,23000,18.482
2,23500,17.969
2,24000,17.945
2,24500,18.445
2,25000,18.498
2,25500,17.989
2,26000,18.426
2,26500,17.986
2,27000,18.195999999999998
2,27500,18.026
2,28000,18.134
2,28500,17.955
2,29000,18.488
2,29500,18.473
2,30000,18.642
2,30500,18.283
2,31000,18.453
2,31500,17.987000000000002
2,32000,19.375
2,32500,19.745
2,33000,19.891
2,33500,19.87
2,34000,19.811
2,34500,19.427
2,35000,19.866
2,35500,20.046
2,36000,19.923
2,36500,19.573
2,37000,19.333
2,37500,19.211
2,38000,18.955
2,38500,18.765
2,39000,18.744
2,39500,18.37
2,40000,18.723
2,40500,18.539
2,41000,18.413
2,41500,18.18
2,42000,18.658
2,42500,18.615
2,43000,19.135
2,43500,19.585
2,44000,19.238
2,44500,19.692999999999998
2,45000,19.552
2,45500,19.271
2,46000,19.305999999999997
2,46500,19.079
2,47000,19.285
2,47500,18.922
2,48000,19.179000000000002
2,48500,19.908
2,49000,19.599
2,49500,19.71
2,50000,19.762999999999998
2,50500,19.602999999999998
2,51000,19.762
2,51500,19.6
2,52000,19.602999999999998
2,52500,19.826
2,53000,19.295
2,53500,19.424
2,54000,19.6
2,54500,19.915
2,55000,19.618
2,55500,19.766
2,56000,19.605
2,56500,19.733
2,57000,19.829
2,57500,20.012999999999998
2,58000,19.605999999999998
2,58500,19.801
2,59000,19.973
2,59500,19.816
2,60000,19.937
2,60500,20.07
2,61000,19.858
2,61500,19.979
2,62000,19.879
2,62500,19.877
2,63000,19.832
2,63500,19.467
2,64000,19.46
2,64500,18.915
2,65000,18.878
2,65500,19.637
2,66000,19.897000000000002
2,66500,19.369
2,67000,19.101
2,67500,19.802
2,68000,19.212
2,68500,18.689
2,69000,19.086
2,69500,18.345
2,70000,18.852999999999998
2,70500,18.505
2,71000,18.973
2,71500,18.753
2,72000,19.073
2,72500,19.128
2,73000,19.444000000000003
2,73500,19.179000000000002
2,74000,19.374000000000002
2,74500,19.848
2,75000,19.607
2,75500,19.729
2,76000,19.843
2,76500,19.576
2,77000,19.975
2,77500,19.637999999999998
2,78000,19.697
2,78500,19.504
2,79000,19.995
2,79500,19.778
2,80000,19.971
2,80500,19.76
2,81000,19.328
2,81500,19.283
2,82000,19.579
2,82500,19.744
2,83000,19.02
2,83500,18.785999999999998
2,84000,18.955
2,84500,18.459
2,85000,18.708
2,85500,19.352999999999998
2,86000,19.838
2,86500,19.705
2,87000,19.854
2,87500,19.924
2,88000,19.766
2,88500,19.588
2,89000,19.25
2,89500,19.422
2,90000,20.058
2,90500,19.236
2,91000,19.254
2,91500,19.564
2,92000,19.689
2,92500,19.92
2,93000,19.646
2,93500,19.544
2,94000,19.527
2,94500,19.992
2,95000,19.386
2,95500,20.048
2,96000,20.008
2,96500,19.85
2,97000,20.061
2,97500,20.147000000000002
2,98000,19.805999999999997
2,98500,19.146
2,99000,19.31
2,99500,19.277
2,100000,19.79
2,100500,19.988
2,101000,19.803
2,101500,19.345
2,102000,19.985
2,102500,19.956
2,103000,19.676
2,103500,19.867
2,104000,19.534000000000002
2,104500,19.885
2,105000,19.854
2,105500,19.861
2,106000,19.904
2,106500,19.827
2,107000,19.495
2,107500,18.053
2,108000,18.428
2,108500,18.105
2,109000,18.322
2,109500,18.483
2,110000,18.621
2,110500,18.680999999999997
2,111000,18.146
2,111500,18.339000000000002
2,112000,18.18
2,112500,18.237000000000002
2,113000,17.969
2,113500,18.037
2,114000,18.252
2,114500,18.53
2,115000,18.172
2,115500,18.965
2,116000,19.033
2,116500,18.945
2,117000,18.989
2,117500,18.997
2,118000,18.913
2,118500,18.037
2,119000,18.621
2,119500,18.465
2,120000,18.506
2,120500,17.984
2,121000,18.105999999999998
2,121500,19.309
2,122000,19.269000000000002
2,122500,19.585
2,123000,19.715
2,123500,19.65
2,124000,20.077
2,124500,19.910999999999998
2,125000,19.894000000000002
2,125500,20.066
2,126000,19.243
2,126500,19.715999999999998
2,127000,19.913
2,127500,19.531
2,128000,20.008
2,128500,20.076
2,129000,19.517
2,129500,19.129
2,130000,19.594
2,130500,19.579
2,131000,20.137
2,131500,19.933
2,132000,19.913
2,132500,19.585
2,133000,19.495
2,133500,20.046
2,134000,19.168
2,134500,18.424
2,135000,18.507
2,135500,18.79
2,136000,18.375999999999998
2,136500,18.421
2,137000,18.374000000000002
2,137500,17.935
2,138000,18.555999999999997
2,138500,17.993
2,139000,18.449
2,139500,18.809
2,140000,18.037
2,140500,18.63
2,141000,18.955
2,141500,18.692999999999998
2,142000,19.882
2,142500,19.795
2,143000,19.0
2,143500,19.289
2,144000,19.98
2,144500,19.904
2,145000,19.535
2,145500,19.602
2,146000,19.316
2,146500,19.79
2,147000,19.463
2,147500,19.230999999999998
2,148000,19.582
2,148500,19.730999999999998
2,149000,19.589000000000002
2,149500,20.021
2,150000,19.953
2,150500,19.869
2,151000,19.974
2,151500,19.297
2,152000,19.16
2,152500,19.744
2,153000,19.776
2,153500,19.723
2,154000,19.827
2,154500,19.822
2,155000,19.664
2,155500,19.195999999999998
2,156000,20.031
2,156500,19.745
2,157000,19.33
2,157500,19.997
2,158000,19.725
2,158500,19.218
2,159000,19.333
2,159500,19.351
2,160000,19.792
2,160500,19.473
2,161000,19.482
2,161500,19.317999999999998
2,162000,19.524
2,162500,18.916
2,163000,18.861
2,163500,18.662
2,164000,17.915
2,164500,18.975
2,165000,18.423
2,165500,18.631
2,166000,19.171
2,166500,19.061
2,167000,19.235
2,167500,19.488
2,168000,19.525
2,168500,19.454
2,169000,19.323
2,169500,19.906
2,170000,19.689
2,170500,19.587
2,171000,19.595
2,171500,19.177
2,172000,19.572
2,172500,19.551
2,173000,19.55
2,173500,19.724
2,174000,19.483
2,174500,19.337
2,175000,19.601
2,175500,18.498
2,176000,18.472
2,176500,17.934
2,177000,18.160999999999998
2,177500,17.986
2,178000,18.021
2,178500,18.085
2,179000,17.942
2,179500,18.213
2,180000,18.202
2,180500,18.543
2,181000,18.766
2,181500,18.488
2,182000,18.725
2,182500,18.058
2,183000,18.455
2,183500,18.819000000000003
2,184000,18.399
2,184500,18.014
2,185000,18.213
2,185500,19.217
2,186000,19.315
2,186500,19.093
2,187000,18.422
2,187500,18.325
2,188000,18.51
2,188500,18.173
2,189000,18.398
2,189500,18.211
2,190000,17.98
2,190500,18.122
2,191000,18.27
2,191500,19.666
2,192000,19.687
2,192500,19.365
2,193000,18.555999999999997
2,193500,18.427
2,194000,18.805
2,194500,18.721
2,195000,19.09
2,195500,18.908
2,196000,19.467
2,196500,19.809
2,197000,19.994
2,197500,19.772000000000002
2,198000,19.44
2,198500,19.691
2,199000,19.599
2,199500,19.059
2,200000,19.667
2,200500,19.839000000000002
2,201000,19.28
2,201500,19.482
2,202000,20.032
2,202500,19.961
2,203000,19.002
2,203500,19.233
2,204000,19.827
2,204500,19.148
2,205000,19.289
2,205500,19.157
2,206000,18.483
2,206500,18.175
2,207000,17.96
2,207500,18.309
2,208000,18.392
2,208500,18.344
2,209000,18.189
2,209500,18.222
2,210000,18.176
2,210500,18.633
2,211000,19.006
2,211500,19.105
2,212000,20.014
2,212500,19.656
2,213000,19.299
2,213500,19.412
2,214000,19.832
2,214500,19.291
2,215000,19.209
2,215500,19.137
2,216000,19.048
2,216500,18.53
2,217000,19.089000000000002
2,217500,19.56
2,218000,19.116
2,218500,18.625999999999998
2,219000,19.139
2,219500,19.067999999999998
2,220000,19.116
2,220500,19.781
2,221000,19.332
2,221500,20.011
2,222000,19.125
2,222500,18.963
2,223000,18.647000000000002
2,223500,18.991
2,224000,19.139
2,224500,19.601
2,225000,19.692
2,225500,19.26
2,226000,19.312
2,226500,18.833
2,227000,19.988
2,227500,19.617
2,228000,18.984
2,228500,19.202
2,229000,18.396
2,229500,19.578
2,230000,19.782
2,230500,19.637
2,231000,19.537
2,231500,19.595
2,232000,19.483
2,232500,19.618
2,233000,20.077
2,233500,19.989
2,234000,20.006
2,234500,19.622
2,235000,19.81
2,235500,19.567999999999998
2,236000,19.907
2,236500,20.043
2,237000,19.729
2,237500,19.62
2,238000,19.657
2,238500,19.935
2,239000,19.89
2,239500,20.006
2,240000,19.92
2,240500,19.99
2,241000,19.395
2,241500,19.041
2,242000,19.528
2,242500,19.523
2,243000,19.875
2,243500,19.666
2,244000,19.791
2,244500,19.965
2,245000,19.421
2,245500,19.085
2,246000,18.873
2,246500,19.473
2,247000,19.842
2,247500,19.261
2,248000,19.916
2,248500,19.494
2,249000,19.537
2,249500,19.065
2,250000,19.12
2,250500,19.419
2,251000,19.154
2,251500,18.94
2,252000,19.463
2,252500,19.254
2,253000,18.793
2,253500,18.482
2,254000,18.424
2,254500,18.774
2,255000,18.475
2,255500,18.034000000000002
2,256000,18.0
2,256500,18.154
2,257000,18.28
2,257500,18.113
2,258000,18.232
2,258500,18.011
2,259000,18.253
2,259500,18.495
2,260000,18.743
2,260500,18.034000000000002
2,261000,18.345
2,261500,18.336
2,262000,18.357
2,262500,19.09
2,263000,19.074
2,263500,19.296
2,264000,19.217
2,264500,19.662
2,265000,19.902
2,265500,20.008
2,266000,19.168
2,266500,18.881
2,267000,18.333
2,267500,19.165
2,268000,19.548
2,268500,19.455
2,269000,20.070999999999998
2,269500,19.594
2,270000,19.54
2,270500,19.66
2,271000,19.173
2,271500,19.407
2,272000,19.879
2,272500,19.663
2,273000,19.971
2,273500,19.791
2,274000,19.709
2,274500,19.473
2,275000,20.098
2,275500,19.339000000000002
2,276000,19.230999999999998
2,276500,18.756
2,277000,19.145
2,277500,18.615
2,278000,18.993
2,278500,19.692999999999998
2,279000,19.651
2,279500,19.708
2,280000,19.371
2,280500,19.167
2,281000,18.802
2,281500,19.429000000000002
2,282000,19.054000000000002
2,282500,19.546
2,283000,18.905
2,283500,18.9
2,284000,19.366
2,284500,19.255
2,285000,19.583
2,285500,18.711
2,286000,19.062
2,286500,19.489
2,287000,19.59
2,287500,19.879
2,288000,19.989
2,288500,19.656
2,289000,19.951
2,289500,19.657
2,290000,19.593
2,290500,19.864
2,291000,19.934
2,291500,19.759
2,292000,19.745
2,292500,19.837
2,293000,19.754
2,293500,19.660999999999998
2,294000,19.642
2,294500,19.741
2,295000,19.259
2,295500,19.474
2,296000,19.994
2,296500,19.434
2,297000,19.364
2,297500,19.08
2,298000,19.711
2,298500,19.343
2,299000,19.319000000000003
2,299500,19.465
2,300000,19.253
2,300500,18.97
2,301000,19.572
2,301500,19.528
2,302000,19.32
2,302500,19.261
2,303000,18.612000000000002
2,303500,18.852
2,304000,18.719
2,304500,18.814
2,305000,19.008
2,305500,19.954
2,306000,19.887999999999998
2,306500,19.518
2,307000,19.322
2,307500,19.484
2,308000,19.844
2,308500,19.809
2,309000,19.618
2,309500,19.63
2,310000,19.951
2,310500,20.039
2,311000,19.522000000000002
2,311500,19.373
2,312000,19.074
2,312500,18.613
2,313000,18.297
2,313500,18.348
2,314000,18.684
2,314500,18.305
2,315000,18.848
2,315500,18.56
2,316000,19.052
2,316500,18.63
2,317000,18.772000000000002
2,317500,19.189
2,318000,19.767
2,318500,19.357
2,319000,20.006
2,319500,19.742
2,320000,19.816
2,320500,19.776
2,321000,19.948
2,321500,19.915
2,322000,20.031
2,322500,19.924
2,323000,19.809
2,323500,19.519000000000002
2,324000,19.128
2,324500,19.64
2,325000,19.546
2,325500,19.905
2,326000,19.616
2,326500,19.225
2,327000,19.784000000000002
2,327500,19.737000000000002
2,328000,19.152
2,328500,19.259
2,329000,18.794
2,329500,18.975
2,330000,19.088
2,330500,18.797
2,331000,19.099
2,331500,18.761
2,332000,18.923
2,332500,18.698
2,333000,18.468
2,333500,17.979
2,334000,18.872
2,334500,18.877
2,335000,19.195999999999998
2,335500,19.384
2,336000,20.01
2,336500,19.713
2,337000,19.296
2,337500,19.919
2,338000,19.344
2,338500,19.574
2,339000,19.721
2,339500,19.465999999999998
2,340000,19.694000000000003
2,340500,19.278
2,341000,18.986
2,341500,18.773
2,342000,18.991
2,342500,19.365
2,343000,18.867
2,343500,18.857
2,344000,19.03
2,344500,18.695999999999998
2,345000,19.044
2,345500,18.746
2,346000,19.195
2,346500,18.929000000000002
2,347000,18.33
2,347500,18.301
2,348000,18.176
2,348500,18.227
2,349000,18.433
2,349500,19.052
2,350000,19.257
2,350500,19.37
2,351000,19.27
2,351500,19.003
2,352000,19.442
2,352500,18.723
2,353000,18.503
2,353500,19.105
2,354000,18.623
2,354500,18.899
2,355000,19.61
2,355500,18.735
2,356000,19.33
2,356500,19.551
2,357000,19.053
2,357500,19.549
2,358000,19.236
2,358500,19.115
2,359000,19.153
2,359500,19.301
2,360000,19.702
2,360500,19.248
2,361000,19.485
2,361500,19.976
2,362000,20.077
2,362500,19.736
2,363000,19.732
2,363500,20.021
2,364000,19.625999999999998
2,364500,19.51
2,365000,19.944000000000003
2,365500,19.312
2,366000,19.829
2,366500,19.347
2,367000,19.706
2,367500,19.544
2,368000,19.984
2,368500,19.475
2,369000,19.867
2,369500,19.881
2,370000,19.7
2,370500,19.331
2,371000,19.074
2,371500,18.414
2,372000,18.942999999999998
2,372500,18.998
2,373000,18.607
2,373500,18.991
2,374000,19.162
2,374500,18.945
2,375000,19.346
2,375500,18.688
2,376000,18.623
2,376500,19.221
2,377000,19.151
2,377500,18.817
2,378000,18.854
2,378500,18.6
2,379000,18.702
2,379500,18.88
2,380000,18.92
2,380500,18.415
2,381000,18.75
2,381500,19.019000000000002
2,382000,18.236
2,382500,18.732
2,383000,18.895
2,383500,18.91
2,384000,18.787
2,384500,18.254
2,385000,19.099
2,385500,18.271
2,386000,18.482
2,386500,18.585
2,387000,18.852999999999998
2,387500,18.816
2,388000,18.308
2,388500,18.277
2,389000,18.750999999999998
2,389500,19.217
2,390000,19.566
2,390500,19.327
2,391000,19.419
2,391500,19.323
2,392000,19.373
2,392500,19.067999999999998
2,393000,19.128
2,393500,18.223
2,394000,18.532
2,394500,18.7
2,395000,18.332
2,395500,17.93
2,396000,18.162
2,396500,18.299
2,397000,18.313
2,397500,18.657
2,398000,18.999000000000002
2,398500,19.156
2,399000,18.715999999999998
2,399500,18.566
2,400000,18.549
2,400500,18.667
2,401000,18.645
2,401500,18.57
2,402000,18.796
2,402500,19.156
2,403000,19.320999999999998
2,403500,19.122
2,404000,19.448
2,404500,19.577
2,405000,19.593
2,405500,19.73
2,406000,19.833
2,406500,19.189
2,407000,19.756
2,407500,19.829
2,408000,19.679000000000002
2,408500,19.642
2,409000,19.664
2,409500,18.369
2,410000,18.727999999999998
2,410500,19.351
2,411000,19.8
2,411500,19.55
2,412000,19.785
2,412500,19.697
2,413000,19.152
2,413500,19.361
2,414000,19.725
2,414500,19.769000000000002
2,415000,19.58
2,415500,19.782
2,416000,19.858
2,416500,19.754
2,417000,20.007
2,417500,20.072
2,418000,19.898
2,418500,19.929000000000002
2,419000,19.886
2,419500,20.11
2,420000,19.514
2,420500,19.781
2,421000,20.038
2,421500,19.945
2,422000,19.963
2,422500,19.919
2,423000,19.727999999999998
2,423500,19.374000000000002
2,424000,19.156
2,424500,19.708
2,425000,20.049
2,425500,19.66
2,426000,19.929000000000002
2,426500,19.491
2,427000,19.576
2,427500,19.85
2,428000,19.153
2,428500,19.55
2,429000,19.11
2,429500,18.309
2,430000,18.295
2,430500,19.046
2,431000,19.077
2,431500,18.93
2,432000,19.414
2,432500,19.729
2,433000,19.930999999999997
2,433500,19.619
2,434000,19.941
2,434500,19.507
2,435000,19.467
2,435500,19.465999999999998
2,436000,19.090999999999998
2,436500,19.575
2,437000,19.23
2,437500,19.362000000000002
2,438000,19.291
2,438500,19.581
2,439000,19.417
2,439500,19.614
2,440000,19.989
2,440500,19.792
2,441000,19.477999999999998
2,441500,19.479
2,442000,19.322
2,442500,19.619
2,443000,19.457
2,443500,19.808
2,444000,20.041
2,444500,19.956
2,445000,19.829
2,445500,19.439
2,446000,19.064
2,446500,19.059
2,447000,18.859
2,447500,19.262
2,448000,19.494
2,448500,19.403
2,449000,19.910999999999998
2,449500,19.85
2,450000,19.965999999999998
2,450500,19.976
2,451000,19.823
2,451500,19.467
2,452000,19.986
2,452500,20.027
2,453000,19.664
2,453500,19.602999999999998
2,454000,19.997
2,454500,19.594
2,455000,19.057000000000002
2,455500,19.336
2,456000,19.72
2,456500,19.668
2,457000,19.492
2,457500,19.89
2,458000,19.807000000000002
2,458500,19.896
2,459000,19.866
2,459500,19.588
2,460000,19.796
2,460500,20.017
2,461000,19.622
2,461500,19.904
2,462000,19.55
2,462500,19.323
2,463000,19.502
2,463500,19.644000000000002
2,464000,19.099
2,464500,18.947
2,465000,19.195
2,465500,19.493
2,466000,19.553
2,466500,19.598
2,467000,19.488
2,467500,19.644000000000002
2,468000,19.583
2,468500,19.791
2,469000,20.018
2,469500,19.896
2,470000,19.612000000000002
2,470500,19.773
2,471000,19.105999999999998
2,471500,18.831
2,472000,19.398
2,472500,19.157
2,473000,19.598
2,473500,19.233
2,474000,19.192
2,474500,19.016
2,475000,18.97
2,475500,18.949
2,476000,19.122
2,476500,19.428
2,477000,19.175
2,477500,19.396
2,478000,19.996
2,478500,19.764
2,479000,19.963
2,479500,19.84
2,480000,19.792
2,480500,19.387999999999998
2,481000,19.584
2,481500,19.539
2,482000,19.346
2,482500,18.81
2,483000,18.93
2,483500,19.608
2,484000,19.843
2,484500,19.463
2,485000,19.45
2,485500,19.409000000000002
2,486000,19.669
2,486500,19.32
2,487000,18.754
2,487500,18.901
2,488000,19.029
2,488500,18.936
2,489000,18.84
2,489500,19.332
2,490000,19.391
2,490500,19.115
2,491000,18.783
2,491500,19.163
2,492000,19.338
2,492500,19.769000000000002
2,493000,20.082
2,493500,19.854
2,494000,20.002
2,494500,19.669
2,495000,19.878
2,495500,19.643
2,496000,19.607
2,496500,19.188
2,497000,19.316
2,497500,19.549
2,498000,19.451
2,498500,19.823
2,499000,19.802
2,499500,18.907
3,0,21.133000000000003
3,500,22.053
3,1000,21.945999999999998
3,1500,21.868000000000002
3,2000,21.569000000000003
3,2500,21.866999999999997
3,3000,21.739
3,3500,21.149
3,4000,21.906
3,4500,21.572
3,5000,21.914
3,5500,21.881999999999998
3,6000,21.561999999999998
3,6500,21.695
3,7000,21.006
3,7500,21.433000000000003
3,8000,21.498
3,8500,21.715999999999998
3,9000,21.644000000000002
3,9500,20.998
3,10000,21.436
3,10500,21.473000000000003
3,11000,21.715
3,11500,21.674
3,12000,21.741999999999997
3,12500,21.813000000000002
3,13000,21.432
3,13500,21.934
3,14000,21.980999999999998
3,14500,22.085
3,15000,21.774
3,15500,21.883000000000003
3,16000,21.933000000000003
3,16500,21.521
3,17000,21.815
3,17500,21.87
3,18000,21.858
3,18500,21.664
3,19000,21.395
3,19500,21.718000000000004
3,20000,21.338
3,20500,21.331999999999997
3,21000,21.659000000000002
3,21500,21.973000000000003
3,22000,21.141
3,22500,20.819000000000003
3,23000,20.474
3,23500,20.706999999999997
3,24000,20.94
3,24500,20.205
3,25000,20.566999999999997
3,25500,21.081
3,26000,21.233
3,26500,21.618000000000002
3,27000,21.108
3,27500,21.968000000000004
3,28000,21.77
3,28500,21.97
3,29000,21.756999999999998
3,29500,21.98
3,30000,21.715999999999998
3,30500,21.919
3,31000,22.021
3,31500,21.919
3,32000,21.878
3,32500,21.865
3,33000,21.678
3,33500,21.39
3,34000,21.235
3,34500,21.116999999999997
3,35000,20.889
3,35500,21.576
3,36000,20.86
3,36500,21.683000000000003
3,37000,21.358
3,37500,21.517
3,38000,21.263
3,38500,21.641
3,39000,21.651
3,39500,21.862
3,40000,21.798000000000002
3,40500,21.278000000000002
3,41000,21.441999999999997
3,41500,21.570999999999998
3,42000,21.441
3,42500,21.884
3,43000,21.469
3,43500,21.515
3,44000,21.131
3,44500,21.879
3,45000,20.927
3,45500,21.256
3,46000,21.662
3,46500,21.785
3,47000,21.755
3,47500,22.026
3,48000,21.691
3,48500,21.64
3,49000,21.576999999999998
3,49500,21.991
3,50000,21.576
3,50500,21.36
3,51000,22.02
3,51500,21.858
3,52000,21.945
3,52500,21.704
3,53000,21.295
3,53500,21.529
3,54000,21.969
3,54500,21.855
3,55000,21.906
3,55500,21.749000000000002
3,56000,21.997
3,56500,21.401999999999997
3,57000,21.486
3,57500,21.409000000000002
3,58000,21.108
3,58500,20.976
3,59000,20.886999999999997
3,59500,20.999000000000002
3,60000,20.750999999999998
3,60500,20.57
3,61000,20.476
3,61500,20.682
3,62000,21.396
3,62500,21.666999999999998
3,63000,21.343000000000004
3,63500,20.644000000000002
3,64000,20.788
3,64500,20.47
3,65000,20.21
3,65500,20.186
3,66000,20.453
3,66500,20.891
3,67000,20.973000000000003
3,67500,21.2
3,68000,21.209
3,68500,21.183000000000003
3,69000,21.802
3,69500,21.607
3,70000,21.723000000000003
3,70500,21.654
3,71000,21.961
3,71500,21.311999999999998
3,72000,20.979
3,72500,20.189
3,73000,20.528000000000002
3,73500,20.19
3,74000,20.385
3,74500,20.555
3,75000,20.023
3,75500,20.214000000000002
3,76000,20.27
3,76500,20.039
3,77000,20.541999999999998
3,77500,21.164
3,78000,21.076999999999998
3,78500,21.394000000000002
3,79000,21.093000000000004
3,79500,20.221
3,80000,20.820999999999998
3,80500,20.554000000000002
3,81000,20.042
3,81500,20.29
3,82000,20.622
3,82500,20.799
3,83000,20.656999999999996
3,83500,21.213
3,84000,21.554000000000002
3,84500,21.345
3,85000,20.67
3,85500,20.335
3,86000,21.023000000000003
3,86500,21.583000000000002
3,87000,20.859
3,87500,20.935
3,88000,21.261999999999997
3,88500,21.453000000000003
3,89000,22.121
3,89500,21.703000000000003
3,90000,21.96
3,90500,22.026999999999997
3,91000,21.91
3,91500,21.573
3,92000,21.108
3,92500,21.521
3,93000,21.826
3,93500,21.7
3,94000,21.776999999999997
3,94500,21.805
3,95000,21.627
3,95500,21.078000000000003
3,96000,20.824
3,96500,21.958000000000002
3,97000,21.326
3,97500,20.913
3,98000,21.995
3,98500,21.894000000000002
3,99000,21.929000000000002
3,99500,21.872
3,100000,21.241999999999997
3,100500,21.854
3,101000,21.156999999999996
3,101500,21.112
3,102000,21.863000000000003
3,102500,21.684
3,103000,21.741999999999997
3,103500,21.320999999999998
3,104000,20.862
3,104500,21.178
3,105000,21.628
3,105500,21.329
3,106000,21.715
3,106500,22.011999999999997
3,107000,21.67
3,107500,21.642
3,108000,21.983
3,108500,21.868000000000002
3,109000,21.566999999999997
3,109500,21.869
3,110000,21.944000000000003
3,110500,21.951999999999998
3,111000,21.362
3,111500,20.954
3,112000,20.430999999999997
3,112500,20.83
3,113000,20.522
3,113500,20.43
3,114000,20.289
3,114500,20.919
3,115000,20.691999999999997
3,115500,20.465
3,116000,20.564
3,116500,20.516
3,117000,20.172
3,117500,20.076
3,118000,20.345
3,118500,20.848000000000003
3,119000,20.299
3,119500,20.533
3,120000,20.904
3,120500,20.4
3,121000,20.513
3,121500,20.088
3,122000,20.278
3,122500,20.374000000000002
3,123000,20.324
3,123500,20.154
3,124000,20.065
3,124500,20.031
3,125000,20.145
3,125500,20.077
3,126000,20.180999999999997
3,126500,20.48
3,127000,20.489
3,127500,20.98
3,128000,21.112
3,128500,20.87
3,129000,20.258
3,129500,20.346
3,130000,20.603
3,130500,20.357
3,131000,20.195
3,131500,20.018
3,132000,20.164
3,132500,20.061
3,133000,20.25
3,133500,20.182000000000002
3,134000,20.291
3,134500,20.281
3,135000,20.234
3,135500,19.941
3,136000,20.701999999999998
3,136500,20.926
3,137000,20.249000000000002
3,137500,20.289
3,138000,20.417
3,138500,20.853
3,139000,21.533
3,139500,21.879
3,140000,21.371
3,140500,21.197
3,141000,21.605
3,141500,21.295
3,142000,20.747
3,142500,20.685
3,143000,20.566
3,143500,20.313
3,144000,20.789
3,144500,20.605
3,145000,20.736
3,145500,20.845
3,146000,21.68
3,146500,21.622
3,147000,21.08
3,147500,20.34
3,148000,20.509
3,148500,20.713
3,149000,20.945999999999998
3,149500,21.346999999999998
3,150000,22.08
3,150500,21.818
3,151000,21.274
3,151500,20.566
3,152000,21.316
3,152500,21.568
3,153000,20.969
3,153500,21.256
3,154000,20.58
3,154500,20.28
3,155000,20.102999999999998
3,155500,20.151
3,156000,20.041
3,156500,21.131
3,157000,20.048
3,157500,20.03
3,158000,20.55
3,158500,20.671
3,159000,20.203
3,159500,20.063
3,160000,20.291
3,160500,20.186
3,161000,20.315
3,161500,20.45
3,162000,21.019000000000002
3,162500,21.184
3,163000,21.285
3,163500,21.375
3,164000,21.509
3,164500,22.122
3,165000,21.386
3,165500,21.336
3,166000,21.003
3,166500,20.361
3,167000,20.468
3,167500,20.117
3,168000,20.279
3,168500,19.979
3,169000,20.191
3,169500,20.153
3,170000,20.656999999999996
3,170500,21.29
3,171000,20.436
3,171500,20.436
3,172000,20.768
3,172500,20.936
3,173000,20.986
3,173500,20.995
3,174000,20.726
3,174500,20.729
3,175000,20.215
3,175500,20.105
3,176000,19.926
3,176500,20.158
3,177000,20.171
3,177500,20.115
3,178000,19.965
3,178500,20.229
3,179000,20.393
3,179500,20.084
3,180000,20.082
3,180500,20.335
3,181000,21.055
3,181500,20.618000000000002
3,182000,20.660999999999998
3,182500,21.094
3,183000,21.304000000000002
3,183500,21.165
3,184000,20.791
3,184500,20.695999999999998
3,185000,20.382
3,185500,21.096
3,186000,21.125999999999998
3,186500,20.943
3,187000,22.075
3,187500,22.019000000000002
3,188000,21.689
3,188500,21.859
3,189000,22.023000000000003
3,189500,21.689
3,190000,21.107
3,190500,21.941999999999997
3,191000,21.581
3,191500,21.435
3,192000,21.833000000000002
3,192500,21.888
3,193000,21.96
3,193500,21.11
3,194000,21.138
3,194500,21.235
3,195000,21.276999999999997
3,195500,20.545
3,196000,20.504
3,196500,20.076
3,197000,20.965999999999998
3,197500,20.599
3,198000,20.802
3,198500,21.386999999999997
3,199000,21.055999999999997
3,199500,21.044
3,200000,20.788
3,200500,21.006999999999998
3,201000,20.184
3,201500,20.188
3,202000,20.158
3,202500,20.913
3,203000,21.018
3,203500,20.658
3,204000,20.351
3,204500,20.631999999999998
3,205000,20.557
3,205500,20.105999999999998
3,206000,20.137999999999998
3,206500,20.017
3,207000,21.162
3,207500,21.105999999999998
3,208000,20.709
3,208500,20.49
3,209000,20.137
3,209500,20.031
3,210000,19.965
3,210500,19.97
3,211000,20.165
3,211500,20.500999999999998
3,212000,20.863000000000003
3,212500,20.583000000000002
3,213000,21.476
3,213500,21.451999999999998
3,214000,21.484
3,214500,21.682
3,215000,21.694000000000003
3,215500,21.489
3,216000,21.339000000000002
3,216500,21.788
3,217000,21.781999999999996
3,217500,20.985
3,218000,20.631999999999998
3,218500,20.599
3,219000,20.445
3,219500,20.3
3,220000,20.235
3,220500,20.147000000000002
3,221000,20.125
3,221500,19.923
3,222000,19.998
3,222500,20.107
3,223000,19.887
3,223500,20.293
3,224000,20.763
3,224500,20.802
3,225000,21.035999999999998
3,225500,21.191999999999997
3,226000,22.006999999999998
3,226500,21.944000000000003
3,227000,22.065
3,227500,21.311
3,228000,21.872
3,228500,21.241
3,229000,21.945999999999998
3,229500,21.554000000000002
3,230000,21.248
3,230500,21.346
3,231000,21.638
3,231500,21.947
3,232000,22.003
3,232500,21.928
3,233000,21.968000000000004
3,233500,21.984
3,234000,21.427
3,234500,21.72
3,235000,22.023000000000003
3,235500,21.855
3,236000,22.044
3,236500,21.939
3,237000,21.409000000000002
3,237500,21.415
3,238000,21.348000000000003
3,238500,21.599
3,239000,21.355
3,239500,21.109
3,240000,20.81
3,240500,20.775
3,241000,20.721
3,241500,21.250999999999998
3,242000,21.864
3,242500,21.463
3,243000,21.223000000000003
3,243500,21.4
3,244000,21.896
3,244500,21.21
3,245000,21.714000000000002
3,245500,21.535999999999998
3,246000,21.813000000000002
3,246500,22.019000000000002
3,247000,21.338
3,247500,21.718000000000004
3,248000,21.129
3,248500,21.47
3,249000,21.608
3,249500,21.903000000000002
3,250000,21.266
3,250500,21.511999999999997
3,251000,20.726999999999997
3,251500,20.944000000000003
3,252000,21.32
3,252500,21.688000000000002
3,253000,21.315
3,253500,21.69
3,254000,20.945999999999998
3,254500,21.525
3,255000,21.748
3,255500,21.836
3,256000,21.69
3,256500,21.333000000000002
3,257000,22.031999999999996
3,257500,21.005
3,258000,21.288
3,258500,21.414
3,259000,20.982
3,259500,21.128
3,260000,21.372
3,260500,21.865
3,261000,21.951
3,261500,20.89
3,262000,20.246
3,262500,20.238
3,263000,20.189
3,263500,20.664
3,264000,20.096
3,264500,20.898000000000003
3,265000,21.088
3,265500,21.671999999999997
3,266000,21.421
3,266500,21.963
3,267000,21.713
3,267500,21.303
3,268000,21.333000000000002
3,268500,20.826
3,269000,21.219
3,269500,21.121
3,270000,20.947
3,270500,20.808000000000003
3,271000,20.012999999999998
3,271500,20.333
3,272000,20.44
3,272500,20.25
3,273000,20.408
3,273500,20.502
3,274000,20.398
3,274500,20.338
3,275000,20.074
3,275500,20.69
3,276000,20.401
3,276500,20.123
3,277000,20.921
3,277500,20.871
3,278000,20.394000000000002
3,278500,20.659000000000002
3,279000,19.979
3,279500,20.137999999999998
3,280000,20.184
3,280500,20.417
3,281000,20.129
3,281500,20.227
3,282000,20.422
3,282500,20.57
3,283000,20.585
3,283500,20.801
3,284000,20.078
3,284500,20.105999999999998
3,285000,20.192
3,285500,20.498
3,286000,20.375999999999998
3,286500,20.323
3,287000,20.304000000000002
3,287500,20.669
3,288000,21.053
3,288500,20.849
3,289000,20.003
3,289500,20.47
3,290000,20.769000000000002
3,290500,20.646
3,291000,20.654
3,291500,20.363
3,292000,20.092
3,292500,21.246
3,293000,21.156
3,293500,21.426
3,294000,20.445
3,294500,20.304000000000002
3,295000,20.209
3,295500,19.98
3,296000,20.879
3,296500,20.037
3,297000,20.969
3,297500,21.108
3,298000,20.834
3,298500,20.711
3,299000,20.215
3,299500,20.023
3,300000,20.104
3,300500,20.285
3,301000,20.385
3,301500,20.275
3,302000,20.895
3,302500,21.291999999999998
3,303000,20.583000000000002
3,303500,20.046
3,304000,20.459
3,304500,20.601999999999997
3,305000,20.625999999999998
3,305500,20.072
3,306000,20.521
3,306500,20.458
3,307000,20.500999999999998
3,307500,20.000999999999998
3,308000,20.047
3,308500,20.183
3,309000,20.074
3,309500,20.439
3,310000,20.391
3,310500,20.691999999999997
3,311000,21.283
3,311500,21.611
3,312000,21.369
3,312500,22.066
3,313000,21.505
3,313500,21.475
3,314000,21.346
3,314500,21.391
3,315000,21.311999999999998
3,315500,21.504
3,316000,21.971999999999998
3,316500,21.281999999999996
3,317000,21.255
3,317500,21.623
3,318000,21.136
3,318500,21.184
3,319000,21.265
3,319500,21.394000000000002
3,320000,21.318
3,320500,21.185
3,321000,20.636
3,321500,21.549
3,322000,21.68
3,322500,21.419
3,323000,20.963
3,323500,21.079
3,324000,21.063000000000002
3,324500,20.656
3,325000,20.64
3,325500,20.701
3,326000,20.561999999999998
3,326500,20.912
3,327000,20.791999999999998
3,327500,21.23
3,328000,21.209
3,328500,20.345
3,329000,20.785999999999998
3,329500,21.163
3,330000,21.252
3,330500,21.221999999999998
3,331000,20.611
3,331500,21.201
3,332000,21.484
3,332500,21.926
3,333000,21.428
3,333500,21.331
3,334000,21.368000000000002
3,334500,21.789
3,335000,21.961
3,335500,21.979
3,336000,21.823
3,336500,21.853
3,337000,21.299
3,337500,21.383000000000003
3,338000,21.311
3,338500,20.636
3,339000,21.46
3,339500,21.539
3,340000,20.956999999999997
3,340500,20.965999999999998
3,341000,20.301
3,341500,20.881
3,342000,21.057
3,342500,20.840999999999998
3,343000,20.4
3,343500,20.373
3,344000,20.414
3,344500,20.488000000000003
3,345000,20.975
3,345500,20.559
3,346000,20.586
3,346500,20.513
3,347000,20.918000000000003
3,347500,20.884
3,348000,20.511
3,348500,20.589000000000002
3,349000,20.774
3,349500,20.914
3,350000,20.934
3,350500,20.59
3,351000,20.436
3,351500,20.758000000000003
3,352000,20.18
3,352500,20.244
3,353000,20.594
3,353500,20.465
3,354000,21.061999999999998
3,354500,21.729
3,355000,21.863000000000003
3,355500,21.675
3,356000,21.291
3,356500,21.721
3,357000,22.05
3,357500,21.671
3,358000,21.674
3,358500,21.664
3,359000,21.557
3,359500,21.631
3,360000,21.514
3,360500,21.615
3,361000,21.895
3,361500,21.642
3,362000,21.328000000000003
3,362500,20.851
3,363000,20.585
3,363500,20.92
3,364000,20.212
3,364500,20.403
3,365000,20.104
3,365500,20.326
3,366000,20.008
3,366500,20.472
3,367000,19.892
3,367500,20.189
3,368000,20.363
3,368500,20.785
3,369000,20.285
3,369500,20.26
3,370000,20.438
3,370500,20.518
3,371000,20.236
3,371500,20.537
3,372000,20.684
3,372500,20.756999999999998
3,373000,21.065
3,373500,21.458000000000002
3,374000,21.429000000000002
3,374500,21.398000000000003
3,375000,21.373
3,375500,20.893
3,376000,20.785999999999998
3,376500,20.904
3,377000,21.564
3,377500,21.916999999999998
3,378000,21.908
3,378500,21.573
3,379000,21.294
3,379500,21.147
3,380000,21.855
3,380500,21.761999999999997
3,381000,21.63
3,381500,21.29
3,382000,21.253
3,382500,20.493000000000002
3,383000,21.326999999999998
3,383500,21.47
3,384000,21.045
3,384500,21.233
3,385000,20.576
3,385500,20.842
3,386000,21.484
3,386500,21.342
3,387000,21.256
3,387500,20.761999999999997
3,388000,20.92
3,388500,20.41
3,389000,20.415
3,389500,20.805
3,390000,20.848000000000003
3,390500,21.203000000000003
3,391000,21.438000000000002
3,391500,21.929000000000002
3,392000,21.291999999999998
3,392500,20.982
3,393000,21.47
3,393500,21.840999999999998
3,394000,21.823
3,394500,21.892
3,395000,21.391
3,395500,20.371
3,396000,20.44
3,396500,20.111
3,397000,20.414
3,397500,20.838
3,398000,21.476
3,398500,21.003
3,399000,21.230999999999998
3,399500,21.121
3,400000,20.22
3,400500,20.156
3,401000,20.061
3,401500,21.344
3,402000,21.045
3,402500,21.596
3,403000,21.289
3,403500,21.263
3,404000,21.158
3,404500,20.761999999999997
3,405000,21.237
3,405500,21.67
3,406000,21.316
3,406500,20.342
3,407000,20.261
3,407500,20.680999999999997
3,408000,20.414
3,408500,20.399
3,409000,19.937
3,409500,20.568
3,410000,20.176
3,410500,20.568
3,411000,20.505
3,411500,20.477
3,412000,20.250999999999998
3,412500,20.197
3,413000,20.409000000000002
3,413500,20.158
3,414000,20.044
3,414500,20.037
3,415000,20.024
3,415500,20.006
3,416000,20.276
3,416500,20.078
3,417000,20.118
3,417500,20.202
3,418000,20.391
3,418500,20.587
3,419000,20.958000000000002
3,419500,20.875999999999998
3,420000,20.969
3,420500,21.271
3,421000,21.498
3,421500,20.932
3,422000,21.26
3,422500,21.355999999999998
3,423000,21.028000000000002
3,423500,21.559
3,424000,21.144000000000002
3,424500,21.459
3,425000,21.441
3,425500,21.734
3,426000,21.656
3,426500,21.791
3,427000,21.449
3,427500,21.555999999999997
3,428000,21.112
3,428500,21.441999999999997
3,429000,21.986
3,429500,21.908
3,430000,21.804000000000002
3,430500,21.904
3,431000,21.914
3,431500,21.443
3,432000,21.689
3,432500,21.86
3,433000,21.608
3,433500,21.535
3,434000,21.984
3,434500,21.726
3,435000,21.47
3,435500,21.987
3,436000,21.985
3,436500,21.801
3,437000,21.968000000000004
3,437500,21.159000000000002
3,438000,20.729
3,438500,20.935
3,439000,20.914
3,439500,21.235
3,440000,20.835
3,440500,21.112
3,441000,21.041999999999998
3,441500,21.225
3,442000,20.918000000000003
3,442500,20.886
3,443000,21.019000000000002
3,443500,21.229
3,444000,21.434
3,444500,21.011999999999997
3,445000,20.587
3,445500,20.587
3,446000,20.649
3,446500,20.98
3,447000,21.022
3,447500,21.756999999999998
3,448000,21.645
3,448500,21.921
3,449000,21.6
3,449500,21.148000000000003
3,450000,20.873
3,450500,20.923000000000002
3,451000,21.034000000000002
3,451500,21.168000000000003
3,452000,22.066999999999997
3,452500,21.998
3,453000,21.956999999999997
3,453500,21.979
3,454000,21.336
3,454500,21.848000000000003
3,455000,21.676
3,455500,21.951999999999998
3,456000,20.717
3,456500,20.482
3,457000,20.635
3,457500,20.399
3,458000,20.97
3,458500,20.062
3,459000,20.736
3,459500,20.123
3,460000,20.237000000000002
3,460500,20.041
3,461000,20.113
3,461500,20.311
3,462000,20.836
3,462500,20.989
3,463000,20.628
3,463500,21.180999999999997
3,464000,21.168000000000003
3,464500,21.555
3,465000,21.865
3,465500,21.378
3,466000,21.965
3,466500,21.844
3,467000,21.925
3,467500,21.753
3,468000,21.535999999999998
3,468500,21.166
3,469000,21.163
3,469500,21.418000000000003
3,470000,21.709
3,470500,21.273000000000003
3,471000,21.108
3,471500,20.51
3,472000,20.511999999999997
3,472500,20.979
3,473000,21.179000000000002
3,473500,21.278000000000002
3,474000,21.268
3,474500,20.77
3,475000,21.131999999999998
3,475500,20.964000000000002
3,476000,20.463
3,476500,21.695
3,477000,21.883000000000003
3,477500,21.88
3,478000,21.745
3,478500,21.826999999999998
3,479000,21.561
3,479500,21.378
3,480000,21.633000000000003
3,480500,21.316999999999997
3,481000,21.057
3,481500,20.65
3,482000,20.89
3,482500,21.136999999999997
3,483000,21.146
3,483500,21.195
3,484000,21.193
3,484500,21.135
3,485000,21.127
3,485500,21.215999999999998
3,486000,20.857
3,486500,20.843000000000004
3,487000,20.913
3,487500,20.939
3,488000,21.436999999999998
3,488500,20.955
3,489000,20.904
3,489500,20.918000000000003
3,490000,21.151
3,490500,20.539
3,491000,20.773000000000003
3,491500,20.726
3,492000,21.014
3,492500,21.525
3,493000,20.36
3,493500,20.324
3,494000,20.422
3,494500,20.505
3,495000,20.675
3,495500,20.909000000000002
3,496000,21.237
3,496500,21.103
3,497000,20.886
3,497500,21.235
3,498000,21.165
3,498500,21.228
3,499000,21.186999999999998
3,499500,21.471999999999998
